Name, Team, Year, Games Started, IP, ERA, EWA, Record, Earned Record, Support/Luck
Bill Singer , Jays , 1977 , 12 , 57.33 , 6.44 , 0.15 , 2 - 8 , 1.77 - 5.85 , -1.93
Dave Lemanczyk , Jays , 1977 , 34 , 251.99 , 4.29 , 0.38 , 13 - 16 , 12.96 - 13.5 , -2.46
Jerry Garvin , Jays , 1977 , 34 , 244.65 , 4.19 , 0.41 , 10 - 18 , 14.02 - 12.86 , -9.16
Jesse Jefferson , Jays , 1977 , 33 , 217.01 , 4.31 , 0.34 , 9 - 17 , 11.37 - 13.2 , -6.17
Steve Hargan , Jays , 1977 , 5 , 27.0 , 5.67 , 0.31 , 0 - 3 , 1.56 - 2.06 , -2.51
Pete Vuckovich , Jays , 1977 , 8 , 61.34 , 3.96 , 0.44 , 2 - 4 , 3.5 - 3.18 , -2.32
Jeff Byrd , Jays , 1977 , 17 , 87.33 , 6.18 , 0.18 , 2 - 13 , 3.01 - 8.15 , -5.86
Mike Willis , Jays , 1977 , 3 , 15.0 , 6.6 , 0.22 , 0 - 1 , 0.67 - 1.52 , -0.16
Jim Clancy , Jays , 1977 , 13 , 76.67 , 5.05 , 0.35 , 4 - 9 , 4.51 - 5.69 , -3.82
Mike Darr , Jays , 1977 , 1 , 1.33 , 33.83 , 0.0 , 0 - 1 , 0.0 - 0.72 , -0.28
Tom Murphy , Jays , 1977 , 1 , 6.0 , 1.5 , 0.51 , 1 - 0 , 0.51 - 0.11 , 0.6
Dave Lemanczyk , Jays , 1978 , 20 , 114.34 , 5.9 , 0.26 , 4 - 14 , 5.29 - 9.93 , -5.37
Jerry Garvin , Jays , 1978 , 22 , 130.66 , 5.92 , 0.24 , 4 - 12 , 5.36 - 11.05 , -2.31
Tom Underwood , Jays , 1978 , 30 , 196.33 , 3.94 , 0.36 , 6 - 13 , 10.67 - 11.39 , -6.28
Jesse Jefferson , Jays , 1978 , 30 , 207.34 , 4.43 , 0.36 , 7 - 16 , 10.89 - 12.7 , -7.19
Jim Clancy , Jays , 1978 , 30 , 193.34 , 4.0 , 0.4 , 10 - 12 , 11.9 - 11.01 , -2.89
Balor Moore , Jays , 1978 , 18 , 109.32 , 4.69 , 0.34 , 4 - 9 , 6.14 - 7.05 , -4.08
Don Kirkwood , Jays , 1978 , 9 , 50.66 , 4.26 , 0.3 , 3 - 4 , 2.73 - 3.44 , -0.3
Mike Willis , Jays , 1978 , 2 , 12.33 , 1.46 , 0.45 , 1 - 1 , 0.89 - 0.27 , -0.62
Tom Underwood , Jays , 1979 , 32 , 225.67 , 3.71 , 0.41 , 9 - 16 , 13.11 - 11.74 , -8.37
Jim Clancy , Jays , 1979 , 11 , 61.65 , 5.69 , 0.24 , 2 - 7 , 2.61 - 4.86 , -2.75
Mark Lemongello , Jays , 1979 , 10 , 65.0 , 6.78 , 0.23 , 1 - 7 , 2.31 - 6.0 , -2.31
Phil Huffman , Jays , 1979 , 31 , 172.98 , 5.78 , 0.25 , 6 - 18 , 7.89 - 14.47 , -5.42
Dave Lemanczyk , Jays , 1979 , 20 , 138.0 , 3.65 , 0.49 , 8 - 10 , 9.71 - 7.36 , -4.34
Jesse Jefferson , Jays , 1979 , 10 , 59.65 , 5.43 , 0.29 , 1 - 7 , 2.92 - 4.51 , -4.41
Jerry Garvin , Jays , 1979 , 1 , 4.33 , 6.24 , 0.0 , 0 - 0 , 0.0 - 0.5 , 0.5
Balor Moore , Jays , 1979 , 16 , 94.65 , 4.85 , 0.35 , 5 - 7 , 5.55 - 6.72 , -0.83
Mike Willis , Jays , 1979 , 1 , 2.0 , 27.0 , 0.0 , 0 - 1 , 0.0 - 0.82 , -0.18
Dave Freisleben , Jays , 1979 , 2 , 7.0 , 10.29 , 0.0 , 0 - 1 , 0.0 - 1.24 , 0.24
Dave Stieb , Jays , 1979 , 18 , 129.32 , 4.31 , 0.4 , 8 - 8 , 7.23 - 7.32 , 0.1
Jackson Todd , Jays , 1979 , 1 , 7.0 , 6.43 , 0.18 , 0 - 1 , 0.18 - 0.64 , -0.54
Butch Edge , Jays , 1979 , 9 , 51.67 , 5.23 , 0.27 , 3 - 4 , 2.4 - 4.05 , 0.66
Dave Lemanczyk , Jays , 1980 , 8 , 35.0 , 5.66 , 0.19 , 2 - 5 , 1.5 - 3.36 , -1.14
Dave Stieb , Jays , 1980 , 32 , 237.32 , 3.64 , 0.45 , 12 - 15 , 14.52 - 11.57 , -5.95
Paul Mirabella , Jays , 1980 , 22 , 110.33 , 4.98 , 0.26 , 5 - 12 , 5.73 - 8.94 , -3.79
Jim Clancy , Jays , 1980 , 34 , 250.68 , 3.3 , 0.5 , 13 - 16 , 17.01 - 10.93 , -9.08
Jesse Jefferson , Jays , 1980 , 18 , 95.66 , 5.17 , 0.26 , 4 - 10 , 4.63 - 7.35 , -3.27
Luis Leal , Jays , 1980 , 10 , 50.0 , 5.04 , 0.23 , 2 - 4 , 2.34 - 4.13 , -0.21
Jack Kucek , Jays , 1980 , 12 , 48.01 , 7.31 , 0.17 , 2 - 6 , 2.09 - 5.56 , -0.54
Joey McLaughlin , Jays , 1980 , 10 , 55.68 , 5.17 , 0.23 , 2 - 3 , 2.28 - 4.48 , 1.2
Balor Moore , Jays , 1980 , 3 , 9.33 , 10.61 , 0.1 , 0 - 1 , 0.29 - 1.65 , 0.36
Mike Barlow , Jays , 1980 , 1 , 1.33 , 20.3 , 0.0 , 0 - 0 , 0.0 - 0.57 , 0.57
Jackson Todd , Jays , 1980 , 12 , 85.0 , 4.02 , 0.39 , 5 - 2 , 4.7 - 4.81 , 3.11
Jim Clancy , Jays , 1981 , 22 , 125.0 , 4.9 , 0.26 , 6 - 12 , 5.68 - 8.85 , -2.83
Dave Stieb , Jays , 1981 , 25 , 183.66 , 3.19 , 0.49 , 11 - 10 , 12.15 - 7.91 , -3.24
Luis Leal , Jays , 1981 , 19 , 105.02 , 3.94 , 0.31 , 5 - 10 , 5.94 - 6.75 , -4.19
Jackson Todd , Jays , 1981 , 13 , 80.0 , 3.6 , 0.4 , 2 - 7 , 5.23 - 4.28 , -5.95
Mark Bomback , Jays , 1981 , 11 , 69.65 , 4.13 , 0.29 , 3 - 5 , 3.22 - 4.32 , -0.9
Jerry Garvin , Jays , 1981 , 4 , 21.67 , 4.57 , 0.32 , 0 - 1 , 1.29 - 1.44 , -0.84
Paul Mirabella , Jays , 1981 , 1 , 1.67 , 16.17 , 0.0 , 0 - 0 , 0.0 - 0.58 , 0.58
Juan Berenguer , Jays , 1981 , 11 , 66.0 , 4.5 , 0.33 , 1 - 9 , 3.67 - 4.49 , -7.18
Mark Bomback , Jays , 1982 , 8 , 39.33 , 6.86 , 0.21 , 1 - 5 , 1.65 - 3.89 , -1.75
Dave Stieb , Jays , 1982 , 38 , 288.34 , 3.25 , 0.52 , 17 - 14 , 19.59 - 11.94 , -4.65
Jim Clancy , Jays , 1982 , 40 , 266.66 , 3.71 , 0.39 , 16 - 14 , 15.61 - 14.92 , 1.3
Luis Leal , Jays , 1982 , 38 , 249.68 , 3.93 , 0.4 , 12 - 15 , 15.03 - 13.3 , -4.73
Jim Gott , Jays , 1982 , 23 , 121.33 , 4.67 , 0.26 , 5 - 10 , 5.87 - 8.82 , -2.05
Jerry Garvin , Jays , 1982 , 4 , 17.33 , 5.19 , 0.1 , 0 - 0 , 0.4 - 1.59 , 1.19
Roy Lee Jackson , Jays , 1982 , 2 , 8.67 , 8.3 , 0.0 , 0 - 1 , 0.0 - 1.24 , 0.24
Dave Geisel , Jays , 1982 , 2 , 7.0 , 9.0 , 0.0 , 0 - 1 , 0.0 - 1.15 , 0.15
Mark Eichhorn , Jays , 1982 , 7 , 38.01 , 5.45 , 0.21 , 0 - 3 , 1.48 - 3.08 , -1.4
Dave Stieb , Jays , 1983 , 36 , 278.0 , 3.04 , 0.49 , 17 - 12 , 17.59 - 11.19 , -1.4
Luis Leal , Jays , 1983 , 35 , 217.33 , 4.31 , 0.36 , 13 - 12 , 12.73 - 13.29 , 1.56
Jim Gott , Jays , 1983 , 30 , 171.33 , 4.73 , 0.33 , 9 - 13 , 9.88 - 11.78 , -2.1
Jim Clancy , Jays , 1983 , 34 , 223.01 , 3.91 , 0.41 , 15 - 11 , 13.89 - 11.93 , 2.04
Mike Morgan , Jays , 1983 , 4 , 12.67 , 8.52 , 0.14 , 0 - 2 , 0.56 - 1.79 , -0.77
Jim Acker , Jays , 1983 , 5 , 25.0 , 7.2 , 0.21 , 3 - 0 , 1.03 - 2.52 , 4.5
Doyle Alexander , Jays , 1983 , 15 , 105.99 , 4.25 , 0.36 , 6 - 6 , 5.4 - 5.99 , 0.59
Matt Williams , Jays , 1983 , 3 , 6.0 , 18.0 , 0.03 , 1 - 1 , 0.1 - 2.02 , 1.92
Jim Clancy , Jays , 1984 , 36 , 219.69 , 5.12 , 0.32 , 13 - 15 , 11.63 - 15.47 , 1.84
Luis Leal , Jays , 1984 , 35 , 222.35 , 3.89 , 0.41 , 13 - 8 , 14.27 - 11.48 , 2.21
Doyle Alexander , Jays , 1984 , 35 , 260.66 , 3.14 , 0.49 , 17 - 6 , 17.0 - 10.87 , 4.87
Dave Stieb , Jays , 1984 , 35 , 267.0 , 2.83 , 0.5 , 16 - 8 , 17.62 - 9.96 , 0.33
Jim Acker , Jays , 1984 , 3 , 14.33 , 5.02 , 0.2 , 0 - 1 , 0.59 - 1.14 , -0.45
Jim Gott , Jays , 1984 , 12 , 76.68 , 4.34 , 0.38 , 5 - 5 , 4.6 - 4.65 , 0.04
Bryan Clark , Jays , 1984 , 3 , 12.67 , 7.1 , 0.22 , 0 - 1 , 0.65 - 1.45 , -0.2
Dennis Lamp , Jays , 1984 , 4 , 21.0 , 4.71 , 0.31 , 3 - 1 , 1.22 - 1.33 , 2.11
Dave Stieb , Jays , 1985 , 36 , 264.99 , 2.48 , 0.52 , 14 - 13 , 18.63 - 9.26 , -8.37
Doyle Alexander , Jays , 1985 , 36 , 260.66 , 3.45 , 0.44 , 17 - 10 , 15.89 - 12.0 , 3.11
Luis Leal , Jays , 1985 , 14 , 66.34 , 5.7 , 0.2 , 3 - 5 , 2.84 - 5.9 , 1.06
Jimmy Key , Jays , 1985 , 32 , 206.32 , 3.1 , 0.37 , 13 - 6 , 11.85 - 9.13 , 4.29
Jim Clancy , Jays , 1985 , 23 , 128.68 , 3.78 , 0.33 , 9 - 6 , 7.59 - 7.35 , 2.76
Ron Musselman , Jays , 1985 , 4 , 15.67 , 2.87 , 0.12 , 0 - 0 , 0.47 - 0.96 , 0.48
Dennis Lamp , Jays , 1985 , 1 , 5.0 , 3.6 , 0.35 , 0 - 0 , 0.35 - 0.24 , -0.12
Tom Filer , Jays , 1985 , 9 , 44.66 , 3.63 , 0.29 , 7 - 0 , 2.57 - 2.41 , 6.83
Steve Davis , Jays , 1985 , 5 , 18.99 , 4.74 , 0.14 , 1 - 1 , 0.72 - 1.58 , 0.85
John Cerutti , Jays , 1985 , 1 , 4.0 , 0 , 0.0 , 0 - 1 , 0.0 - 0.12 , -0.88
Dave Stieb , Jays , 1986 , 34 , 203.01 , 4.74 , 0.29 , 7 - 12 , 9.83 - 14.08 , -0.75
Doyle Alexander , Jays , 1986 , 17 , 110.99 , 4.46 , 0.42 , 5 - 4 , 7.07 - 6.43 , 0.36
Jimmy Key , Jays , 1986 , 35 , 231.66 , 3.57 , 0.4 , 14 - 11 , 13.9 - 11.84 , 0.94
Jim Clancy , Jays , 1986 , 34 , 219.33 , 3.94 , 0.37 , 14 - 14 , 12.59 - 12.7 , 0.11
Jim Acker , Jays , 1986 , 5 , 28.67 , 3.77 , 0.39 , 0 - 2 , 1.95 - 1.53 , -2.42
John Cerutti , Jays , 1986 , 20 , 114.35 , 4.49 , 0.3 , 7 - 4 , 5.98 - 7.74 , 4.76
Dennis Lamp , Jays , 1986 , 2 , 6.66 , 6.76 , 0.0 , 0 - 2 , 0.0 - 0.93 , -1.07
Joe Johnson , Jays , 1986 , 15 , 85.98 , 3.77 , 0.37 , 7 - 2 , 5.62 - 4.84 , 4.22
Duane Ward , Jays , 1986 , 1 , 1.0 , 27.0 , 0.0 , 0 - 1 , 0.0 - 0.57 , -0.43
Jimmy Key , Jays , 1987 , 36 , 260.99 , 2.76 , 0.5 , 17 - 8 , 18.14 - 9.44 , 0.3
Jim Clancy , Jays , 1987 , 37 , 241.34 , 3.54 , 0.41 , 15 - 11 , 15.2 - 12.0 , 0.8
Joe Johnson , Jays , 1987 , 14 , 66.66 , 5.13 , 0.25 , 3 - 5 , 3.45 - 5.32 , -0.12
Dave Stieb , Jays , 1987 , 31 , 178.68 , 4.18 , 0.34 , 13 - 9 , 10.4 - 10.93 , 4.54
Duane Ward , Jays , 1987 , 1 , 1.0 , 45.0 , 0.0 , 0 - 0 , 0.0 - 0.72 , 0.72
John Cerutti , Jays , 1987 , 21 , 108.01 , 4.75 , 0.33 , 9 - 4 , 6.85 - 7.6 , 5.75
Jeff Musselman , Jays , 1987 , 1 , 4.67 , 1.93 , 0.0 , 0 - 0 , 0.0 - 0.3 , 0.3
David Wells , Jays , 1987 , 2 , 5.33 , 15.2 , 0.0 , 0 - 2 , 0.0 - 1.32 , -0.68
Jose Nunez , Jays , 1987 , 9 , 41.35 , 5.88 , 0.15 , 2 - 1 , 1.37 - 4.03 , 3.65
Phil Niekro , Jays , 1987 , 3 , 12.01 , 8.24 , 0.2 , 0 - 2 , 0.59 - 1.46 , -1.13
Mike Flanagan , Jays , 1987 , 7 , 49.33 , 2.37 , 0.45 , 3 - 2 , 3.12 - 1.63 , -0.49
Jimmy Key , Jays , 1988 , 21 , 131.33 , 3.29 , 0.41 , 12 - 5 , 8.6 - 6.65 , 5.05
Mike Flanagan , Jays , 1988 , 34 , 211.01 , 4.18 , 0.36 , 13 - 13 , 12.18 - 12.44 , 0.26
Jim Clancy , Jays , 1988 , 31 , 186.64 , 4.53 , 0.32 , 11 - 13 , 10.0 - 11.95 , -0.05
Dave Stieb , Jays , 1988 , 31 , 202.33 , 3.07 , 0.46 , 16 - 8 , 14.31 - 9.19 , 2.89
Todd Stottlemyre , Jays , 1988 , 16 , 80.01 , 5.85 , 0.2 , 2 - 7 , 3.19 - 7.16 , -1.03
John Cerutti , Jays , 1988 , 12 , 63.33 , 4.12 , 0.28 , 5 - 4 , 3.42 - 4.08 , 1.66
Jose Nunez , Jays , 1988 , 2 , 8.33 , 1.08 , 0.0 , 0 - 0 , 0.0 - 0.37 , 0.37
Jeff Musselman , Jays , 1988 , 15 , 84.99 , 3.18 , 0.41 , 8 - 5 , 6.19 - 4.27 , 1.09
Jimmy Key , Jays , 1989 , 33 , 215.99 , 3.88 , 0.38 , 13 - 14 , 12.62 - 11.65 , -1.97
Dave Stieb , Jays , 1989 , 33 , 206.67 , 3.35 , 0.44 , 17 - 8 , 14.58 - 10.1 , 4.52
Mike Flanagan , Jays , 1989 , 30 , 171.65 , 3.93 , 0.35 , 8 - 10 , 10.53 - 10.42 , -2.12
Jeff Musselman , Jays , 1989 , 3 , 7.0 , 10.29 , 0.16 , 0 - 1 , 0.47 - 1.4 , -0.07
John Cerutti , Jays , 1989 , 31 , 201.34 , 3.13 , 0.41 , 11 - 11 , 12.61 - 8.76 , -3.85
Todd Stottlemyre , Jays , 1989 , 18 , 108.66 , 3.73 , 0.35 , 7 - 6 , 6.35 - 5.79 , 0.44
Al Leiter , Jays , 1989 , 1 , 6.67 , 4.05 , 0.36 , 0 - 0 , 0.36 - 0.33 , -0.03
Alex Sanchez , Jays , 1989 , 3 , 11.0 , 7.36 , 0.17 , 0 - 1 , 0.51 - 1.48 , -0.03
Frank Wills , Jays , 1989 , 4 , 19.34 , 6.05 , 0.33 , 0 - 1 , 1.31 - 1.69 , -0.63
Steve Cummings , Jays , 1989 , 2 , 12.33 , 2.19 , 0.47 , 1 - 0 , 0.94 - 0.35 , 0.41
Mauro Gozzo , Jays , 1989 , 3 , 20.0 , 1.35 , 0.57 , 3 - 0 , 1.7 - 0.4 , 1.71
Jose Nunez , Jays , 1989 , 1 , 3.0 , 0 , 0.0 , 0 - 0 , 0.0 - 0.02 , 0.02
Todd Stottlemyre , Jays , 1990 , 33 , 203.0 , 4.34 , 0.33 , 13 - 17 , 10.88 - 12.88 , -2.0
Dave Stieb , Jays , 1990 , 33 , 208.68 , 2.93 , 0.46 , 18 - 6 , 15.23 - 8.91 , 5.68
John Cerutti , Jays , 1990 , 23 , 133.0 , 4.74 , 0.27 , 8 - 9 , 6.23 - 9.1 , 1.87
Mike Flanagan , Jays , 1990 , 5 , 20.33 , 5.31 , 0.19 , 2 - 2 , 0.95 - 1.92 , 0.97
Jimmy Key , Jays , 1990 , 27 , 154.67 , 4.25 , 0.34 , 13 - 7 , 9.29 - 9.37 , 6.07
Steve Cummings , Jays , 1990 , 2 , 9.66 , 3.73 , 0.24 , 0 - 0 , 0.47 - 0.63 , 0.15
Willie Blair , Jays , 1990 , 6 , 30.01 , 6.0 , 0.26 , 0 - 3 , 1.54 - 2.52 , -2.02
David Wells , Jays , 1990 , 25 , 167.66 , 3.11 , 0.41 , 10 - 5 , 10.18 - 7.67 , 2.5
John Candelaria , Jays , 1990 , 2 , 7.66 , 7.05 , 0.0 , 0 - 2 , 0.0 - 0.97 , -1.02
Frank Wills , Jays , 1990 , 4 , 20.0 , 3.6 , 0.26 , 1 - 0 , 1.04 - 1.11 , 1.07
Bud Black , Jays , 1990 , 2 , 13.67 , 3.95 , 0.38 , 1 - 1 , 0.77 - 0.77 , 0.0
Dave Stieb , Jays , 1991 , 9 , 59.67 , 3.17 , 0.46 , 4 - 3 , 4.16 - 2.46 , -0.69
Jimmy Key , Jays , 1991 , 33 , 209.33 , 3.05 , 0.42 , 16 - 12 , 13.76 - 8.97 , -0.79
Todd Stottlemyre , Jays , 1991 , 34 , 218.99 , 3.78 , 0.4 , 15 - 8 , 13.54 - 11.22 , 4.68
David Wells , Jays , 1991 , 28 , 180.0 , 3.75 , 0.39 , 14 - 10 , 10.83 - 10.04 , 3.21
Denis Boucher , Jays , 1991 , 7 , 35.33 , 4.59 , 0.29 , 0 - 3 , 2.0 - 2.38 , -2.61
Jim Acker , Jays , 1991 , 4 , 20.33 , 7.53 , 0.16 , 1 - 2 , 0.64 - 2.16 , 0.52
Willie Fraser , Jays , 1991 , 1 , 3.0 , 18.0 , 0.0 , 0 - 1 , 0.0 - 0.77 , -0.23
Juan Guzman , Jays , 1991 , 23 , 138.67 , 2.99 , 0.38 , 10 - 3 , 8.67 - 6.43 , 4.76
Mike Timlin , Jays , 1991 , 3 , 14.67 , 1.84 , 0.42 , 1 - 1 , 1.26 - 0.6 , -0.66
Tom Candiotti , Jays , 1991 , 19 , 129.67 , 2.98 , 0.48 , 6 - 7 , 9.15 - 5.53 , -4.62
Pat Hentgen , Jays , 1991 , 1 , 5.0 , 1.8 , 0.47 , 0 - 0 , 0.47 - 0.13 , -0.35
Jack Morris , Jays , 1992 , 34 , 240.67 , 4.04 , 0.41 , 21 - 6 , 14.11 - 12.85 , 13.74
Todd Stottlemyre , Jays , 1992 , 27 , 173.01 , 4.53 , 0.35 , 11 - 11 , 9.33 - 10.84 , 1.51
Juan Guzman , Jays , 1992 , 28 , 180.67 , 2.64 , 0.45 , 16 - 5 , 12.7 - 7.01 , 5.31
Jimmy Key , Jays , 1992 , 33 , 216.68 , 3.53 , 0.4 , 13 - 13 , 13.16 - 11.06 , -2.1
David Wells , Jays , 1992 , 14 , 75.99 , 6.16 , 0.22 , 6 - 7 , 3.02 - 6.25 , 2.22
Dave Stieb , Jays , 1992 , 14 , 79.0 , 5.7 , 0.24 , 3 - 6 , 3.36 - 6.52 , 0.16
Pat Hentgen , Jays , 1992 , 2 , 8.0 , 5.63 , 0.23 , 0 - 1 , 0.46 - 0.81 , -0.65
Doug Linton , Jays , 1992 , 3 , 12.67 , 10.66 , 0.16 , 1 - 2 , 0.49 - 1.96 , 0.47
David Cone , Jays , 1992 , 7 , 51.0 , 2.65 , 0.5 , 4 - 3 , 3.47 - 1.97 , -0.5
Jack Morris , Jays , 1993 , 27 , 152.66 , 6.19 , 0.25 , 7 - 12 , 6.62 - 13.27 , 1.65
Al Leiter , Jays , 1993 , 12 , 64.0 , 4.5 , 0.33 , 6 - 5 , 3.92 - 4.49 , 1.57
Juan Guzman , Jays , 1993 , 33 , 220.98 , 3.99 , 0.38 , 14 - 3 , 12.67 - 12.08 , 10.41
Todd Stottlemyre , Jays , 1993 , 28 , 171.67 , 4.93 , 0.28 , 11 - 12 , 7.92 - 12.25 , 3.33
Pat Hentgen , Jays , 1993 , 32 , 208.66 , 3.88 , 0.39 , 19 - 8 , 12.33 - 11.23 , 9.9
Scott Brow , Jays , 1993 , 3 , 15.0 , 6.0 , 0.13 , 1 - 1 , 0.38 - 1.39 , 1.0
Doug Linton , Jays , 1993 , 1 , 4.33 , 10.39 , 0.0 , 0 - 1 , 0.0 - 0.73 , -0.27
Dave Stewart , Jays , 1993 , 26 , 162.0 , 4.44 , 0.32 , 12 - 8 , 8.34 - 9.83 , 5.48
Juan Guzman , Jays , 1994 , 25 , 147.33 , 5.68 , 0.24 , 12 - 11 , 6.05 - 11.87 , 6.82
Dave Stewart , Jays , 1994 , 22 , 133.34 , 5.87 , 0.27 , 7 - 8 , 5.98 - 10.52 , 3.53
Pat Hentgen , Jays , 1994 , 24 , 174.67 , 3.4 , 0.48 , 13 - 8 , 11.43 - 7.9 , 1.47
Al Leiter , Jays , 1994 , 20 , 111.66 , 5.08 , 0.24 , 6 - 7 , 4.87 - 8.03 , 2.17
Paul Spoljaric , Jays , 1994 , 1 , 2.0 , 22.5 , 0.0 , 0 - 1 , 0.0 - 0.75 , -0.25
Todd Stottlemyre , Jays , 1994 , 19 , 128.33 , 4.42 , 0.34 , 5 - 7 , 6.48 - 7.76 , -0.72
Brad Cornett , Jays , 1994 , 4 , 17.0 , 7.94 , 0.21 , 1 - 3 , 0.85 - 2.14 , -0.71
David Cone , Jays , 1995 , 17 , 130.33 , 3.38 , 0.48 , 9 - 6 , 8.08 - 6.07 , 1.0
Pat Hentgen , Jays , 1995 , 30 , 200.67 , 5.11 , 0.33 , 10 - 14 , 9.88 - 13.6 , -0.28
Juan Guzman , Jays , 1995 , 24 , 135.32 , 6.32 , 0.25 , 4 - 14 , 6.11 - 12.34 , -3.77
Al Leiter , Jays , 1995 , 28 , 183.02 , 3.64 , 0.4 , 11 - 11 , 11.32 - 9.5 , -1.82
Danny Darwin , Jays , 1995 , 11 , 61.66 , 7.44 , 0.2 , 1 - 8 , 2.17 - 6.17 , -3.01
Paul Menhart , Jays , 1995 , 9 , 57.0 , 4.89 , 0.28 , 0 - 3 , 2.48 - 3.98 , -1.5
Woody Williams , Jays , 1995 , 3 , 14.0 , 3.21 , 0.35 , 1 - 0 , 1.04 - 0.84 , 0.8
Edwin Hurtado , Jays , 1995 , 10 , 65.0 , 5.95 , 0.27 , 4 - 2 , 2.7 - 5.15 , 4.45
Giovanni Carrara , Jays , 1995 , 7 , 38.0 , 7.82 , 0.16 , 1 - 4 , 1.11 - 4.07 , -0.05
Jeff Ware , Jays , 1995 , 5 , 26.33 , 5.47 , 0.33 , 2 - 1 , 1.63 - 2.06 , 1.43
Erik Hanson , Jays , 1996 , 35 , 214.67 , 5.41 , 0.29 , 13 - 17 , 10.21 - 16.13 , 1.92
Pat Hentgen , Jays , 1996 , 35 , 265.67 , 3.22 , 0.48 , 20 - 10 , 16.85 - 11.33 , 4.48
Juan Guzman , Jays , 1996 , 27 , 187.67 , 2.93 , 0.47 , 11 - 8 , 12.66 - 7.1 , -2.55
Paul Quantrill , Jays , 1996 , 20 , 101.66 , 6.29 , 0.2 , 4 - 10 , 3.96 - 9.36 , -0.61
Jeff Ware , Jays , 1996 , 4 , 14.0 , 15.43 , 0.1 , 0 - 4 , 0.4 - 2.71 , -1.68
Frank Viola , Jays , 1996 , 6 , 30.33 , 7.72 , 0.18 , 1 - 3 , 1.11 - 3.14 , 0.03
Marty Janzen , Jays , 1996 , 11 , 61.01 , 8.26 , 0.14 , 2 - 6 , 1.51 - 6.79 , 1.28
Huck Flener , Jays , 1996 , 11 , 59.99 , 4.95 , 0.29 , 2 - 1 , 3.18 - 4.42 , 2.24
Scott Brow , Jays , 1996 , 1 , 3.67 , 4.9 , 0.0 , 0 - 0 , 0.0 - 0.4 , 0.4
Woody Williams , Jays , 1996 , 10 , 56.67 , 4.61 , 0.35 , 4 - 5 , 3.5 - 3.75 , -0.76
Luis Andujar , Jays , 1996 , 2 , 11.67 , 5.4 , 0.17 , 1 - 1 , 0.34 - 0.98 , 0.63
Pat Hentgen , Jays , 1997 , 35 , 264.0 , 3.68 , 0.45 , 15 - 10 , 15.89 - 12.63 , 1.74
Roger Clemens , Jays , 1997 , 34 , 263.99 , 2.05 , 0.6 , 21 - 7 , 20.44 - 7.49 , 1.05
Juan Guzman , Jays , 1997 , 13 , 59.99 , 4.95 , 0.23 , 3 - 6 , 3.0 - 4.74 , -1.26
Woody Williams , Jays , 1997 , 31 , 194.66 , 4.35 , 0.34 , 9 - 14 , 10.69 - 11.5 , -4.18
Robert Person , Jays , 1997 , 22 , 127.34 , 5.58 , 0.28 , 5 - 10 , 6.15 - 9.7 , -1.45
Erik Hanson , Jays , 1997 , 2 , 12.0 , 7.5 , 0.16 , 0 - 0 , 0.32 - 1.18 , 0.86
Chris Carpenter , Jays , 1997 , 13 , 75.33 , 5.02 , 0.33 , 3 - 7 , 4.26 - 5.13 , -3.13
Luis Andujar , Jays , 1997 , 8 , 36.67 , 7.85 , 0.15 , 0 - 6 , 1.19 - 4.22 , -2.97
Huck Flener , Jays , 1997 , 1 , 2.0 , 18.0 , 0.0 , 0 - 1 , 0.0 - 0.59 , -0.41
Omar Daal , Jays , 1997 , 3 , 18.0 , 2.5 , 0.45 , 1 - 1 , 1.36 - 0.65 , -0.71
Roger Clemens , Jays , 1998 , 33 , 234.67 , 2.65 , 0.51 , 20 - 6 , 16.84 - 8.74 , 5.9
Pat Hentgen , Jays , 1998 , 29 , 177.66 , 5.17 , 0.31 , 12 - 11 , 8.86 - 12.45 , 4.59
Juan Guzman , Jays , 1998 , 22 , 144.99 , 4.41 , 0.37 , 6 - 12 , 8.22 - 8.34 , -5.88
Woody Williams , Jays , 1998 , 32 , 209.69 , 4.46 , 0.36 , 10 - 9 , 11.46 - 12.28 , 1.82
Chris Carpenter , Jays , 1998 , 24 , 152.34 , 4.67 , 0.31 , 11 - 7 , 7.52 - 10.53 , 7.01
Erik Hanson , Jays , 1998 , 8 , 45.0 , 6.0 , 0.24 , 0 - 2 , 1.89 - 3.81 , -0.09
Dave Stieb , Jays , 1998 , 3 , 15.67 , 7.47 , 0.12 , 1 - 2 , 0.36 - 1.66 , 0.29
Kelvim Escobar , Jays , 1998 , 10 , 69.0 , 2.35 , 0.47 , 6 - 2 , 4.69 - 2.38 , 1.69
Roy Halladay , Jays , 1998 , 2 , 14.0 , 1.93 , 0.62 , 1 - 0 , 1.25 - 0.29 , 0.04
Pat Hentgen , Jays , 1999 , 34 , 199.0 , 4.79 , 0.29 , 11 - 12 , 9.87 - 13.8 , 2.93
David Wells , Jays , 1999 , 34 , 231.67 , 4.82 , 0.36 , 17 - 10 , 12.16 - 15.02 , 9.86
Joey Hamilton , Jays , 1999 , 18 , 94.66 , 6.37 , 0.27 , 7 - 8 , 4.95 - 8.48 , 2.54
Kelvim Escobar , Jays , 1999 , 30 , 168.01 , 5.84 , 0.26 , 14 - 11 , 7.76 - 13.81 , 9.05
Chris Carpenter , Jays , 1999 , 24 , 150.0 , 4.38 , 0.36 , 9 - 8 , 8.71 - 8.83 , 1.12
Roy Halladay , Jays , 1999 , 18 , 104.35 , 3.97 , 0.39 , 5 - 6 , 7.07 - 4.46 , -3.61
Peter Munro , Jays , 1999 , 2 , 8.0 , 14.63 , 0.0 , 0 - 1 , 0.0 - 1.58 , 0.58
Paul Spoljaric , Jays , 1999 , 2 , 10.0 , 11.7 , 0.03 , 0 - 2 , 0.06 - 1.58 , -0.47
David Wells , Jays , 2000 , 35 , 229.66 , 4.11 , 0.42 , 20 - 8 , 14.53 - 13.08 , 10.54
Roy Halladay , Jays , 2000 , 13 , 60.67 , 11.13 , 0.08 , 4 - 6 , 1.01 - 9.08 , 6.08
Chris Carpenter , Jays , 2000 , 27 , 156.66 , 6.55 , 0.27 , 8 - 12 , 7.24 - 13.31 , 2.07
Kelvim Escobar , Jays , 2000 , 24 , 152.65 , 5.42 , 0.3 , 7 - 13 , 7.18 - 11.17 , -2.01
Frank Castillo , Jays , 2000 , 24 , 137.01 , 3.61 , 0.36 , 10 - 5 , 8.73 - 7.23 , 3.51
Lance Painter , Jays , 2000 , 2 , 9.0 , 5.0 , 0.24 , 1 - 0 , 0.47 - 0.73 , 1.25
Peter Munro , Jays , 2000 , 3 , 15.0 , 4.8 , 0.29 , 0 - 1 , 0.88 - 1.14 , -0.74
Clayton Andrews , Jays , 2000 , 2 , 5.0 , 19.8 , 0.0 , 0 - 1 , 0.0 - 1.54 , 0.54
Pasqual Coco , Jays , 2000 , 1 , 4.0 , 9.0 , 0.0 , 0 - 0 , 0.0 - 0.6 , 0.6
Esteban Loaiza , Jays , 2000 , 14 , 91.99 , 3.62 , 0.42 , 5 - 7 , 5.94 - 4.65 , -3.28
Steve Trachsel , Jays , 2000 , 11 , 62.99 , 5.29 , 0.23 , 2 - 5 , 2.57 - 4.9 , -0.66
Joey Hamilton , Jays , 2000 , 6 , 33.0 , 3.55 , 0.31 , 2 - 1 , 1.86 - 1.7 , 0.84
Esteban Loaiza , Jays , 2001 , 30 , 180.65 , 5.08 , 0.31 , 11 - 11 , 9.4 - 12.66 , 3.26
Steve Parris , Jays , 2001 , 19 , 105.67 , 4.6 , 0.31 , 4 - 6 , 5.97 - 6.9 , -1.07
Joey Hamilton , Jays , 2001 , 22 , 122.33 , 5.89 , 0.26 , 5 - 8 , 5.73 - 9.87 , 1.13
Chris Carpenter , Jays , 2001 , 34 , 215.67 , 4.09 , 0.37 , 11 - 11 , 12.43 - 12.13 , -0.3
Chris Michalak , Jays , 2001 , 18 , 99.65 , 4.34 , 0.33 , 6 - 7 , 5.92 - 6.0 , -0.92
Roy Halladay , Jays , 2001 , 16 , 102.99 , 2.71 , 0.41 , 5 - 3 , 6.52 - 4.07 , -0.45
Kelvim Escobar , Jays , 2001 , 11 , 68.01 , 3.18 , 0.39 , 4 - 4 , 4.29 - 3.41 , -0.88
Brandon Lyon , Jays , 2001 , 11 , 62.99 , 4.29 , 0.36 , 5 - 4 , 3.91 - 3.68 , 0.77
Pasqual Coco , Jays , 2001 , 1 , 4.33 , 6.24 , 0.0 , 0 - 0 , 0.0 - 0.5 , 0.5
Chris Carpenter , Jays , 2002 , 13 , 73.33 , 5.28 , 0.28 , 4 - 5 , 3.64 - 5.56 , 0.92
Roy Halladay , Jays , 2002 , 34 , 239.33 , 2.93 , 0.48 , 19 - 7 , 16.21 - 9.48 , 5.27
Brandon Lyon , Jays , 2002 , 10 , 53.33 , 6.75 , 0.14 , 1 - 4 , 1.37 - 5.22 , 0.85
Scott Eyre , Jays , 2002 , 3 , 14.33 , 9.42 , 0.16 , 1 - 2 , 0.48 - 1.93 , 0.45
Brian Cooper , Jays , 2002 , 2 , 8.33 , 14.05 , 0.03 , 0 - 1 , 0.05 - 1.56 , 0.5
Luke Prokopec , Jays , 2002 , 12 , 63.01 , 5.86 , 0.25 , 2 - 7 , 3.04 - 5.27 , -2.78
Mike Smith , Jays , 2002 , 6 , 23.34 , 8.48 , 0.0 , 0 - 3 , 0.0 - 3.34 , 0.34
Justin Miller , Jays , 2002 , 18 , 93.02 , 5.32 , 0.27 , 8 - 5 , 4.77 - 7.41 , 5.64
Esteban Loaiza , Jays , 2002 , 25 , 151.33 , 5.71 , 0.31 , 9 - 10 , 7.8 - 11.35 , 2.55
Pete Walker , Jays , 2002 , 20 , 114.67 , 4.79 , 0.31 , 9 - 5 , 6.26 - 7.54 , 5.29
Steve Parris , Jays , 2002 , 14 , 75.34 , 5.97 , 0.25 , 5 - 5 , 3.51 - 6.33 , 2.82
Corey Thurman , Jays , 2002 , 1 , 3.0 , 15.0 , 0.0 , 0 - 1 , 0.0 - 0.69 , -0.31
Mark Hendrickson , Jays , 2002 , 4 , 26.0 , 1.04 , 0.58 , 3 - 0 , 2.33 - 0.5 , 1.17
Roy Halladay , Jays , 2003 , 36 , 266.01 , 3.25 , 0.46 , 22 - 7 , 16.59 - 11.34 , 9.75
Cory Lidle , Jays , 2003 , 31 , 192.66 , 5.75 , 0.26 , 12 - 15 , 8.18 - 15.05 , 3.87
Mark Hendrickson , Jays , 2003 , 30 , 158.33 , 5.51 , 0.26 , 9 - 9 , 7.79 - 12.51 , 4.72
Tanyon Sturtze , Jays , 2003 , 8 , 44.01 , 6.13 , 0.23 , 3 - 4 , 1.85 - 3.77 , 0.92
Pete Walker , Jays , 2003 , 7 , 33.66 , 6.15 , 0.23 , 0 - 1 , 1.62 - 2.86 , 0.25
Doug Davis , Jays , 2003 , 11 , 53.67 , 4.7 , 0.21 , 4 - 6 , 2.26 - 3.96 , -0.3
Kelvim Escobar , Jays , 2003 , 26 , 162.99 , 3.92 , 0.36 , 12 - 8 , 9.34 - 8.96 , 3.62
John Wasdin , Jays , 2003 , 2 , 3.67 , 26.98 , 0.0 , 0 - 1 , 0.0 - 1.52 , 0.52
Corey Thurman , Jays , 2003 , 3 , 9.0 , 10.0 , 0.22 , 1 - 1 , 0.66 - 1.56 , 0.89
Josh Towers , Jays , 2003 , 8 , 52.67 , 3.42 , 0.43 , 6 - 1 , 3.46 - 2.44 , 3.97
Roy Halladay , Jays , 2004 , 21 , 133.01 , 4.2 , 0.35 , 8 - 8 , 7.29 - 7.85 , 0.56
Miguel Batista , Jays , 2004 , 31 , 189.98 , 4.88 , 0.31 , 10 - 12 , 9.74 - 12.94 , 1.2
Pat Hentgen , Jays , 2004 , 16 , 78.34 , 7.12 , 0.23 , 2 - 9 , 3.66 - 7.63 , -3.03
Ted Lilly , Jays , 2004 , 32 , 197.34 , 4.06 , 0.38 , 12 - 10 , 12.01 - 10.73 , 0.72
Josh Towers , Jays , 2004 , 21 , 116.34 , 5.11 , 0.28 , 9 - 9 , 5.85 - 8.7 , 2.85
Justin Miller , Jays , 2004 , 15 , 75.34 , 5.85 , 0.22 , 3 - 4 , 3.3 - 6.5 , 2.2
Jason Kershner , Jays , 2004 , 2 , 6.67 , 9.45 , 0.0 , 0 - 1 , 0.0 - 1.13 , 0.13
Dave Bush , Jays , 2004 , 16 , 97.68 , 3.69 , 0.38 , 5 - 4 , 6.1 - 5.09 , -0.01
Sean Douglass , Jays , 2004 , 3 , 13.0 , 10.38 , 0.12 , 0 - 2 , 0.35 - 1.89 , -0.46
Ryan Glynn , Jays , 2004 , 2 , 10.0 , 4.5 , 0.3 , 1 - 0 , 0.6 - 0.6 , 1.0
Gustavo Chacin , Jays , 2004 , 2 , 14.0 , 2.57 , 0.47 , 1 - 1 , 0.93 - 0.49 , -0.44
Roy Halladay , Jays , 2005 , 19 , 141.67 , 2.41 , 0.55 , 12 - 4 , 10.53 - 4.77 , 2.24
Gustavo Chacin , Jays , 2005 , 34 , 203.0 , 3.72 , 0.38 , 13 - 9 , 12.76 - 10.63 , 1.87
Josh Towers , Jays , 2005 , 33 , 208.67 , 3.71 , 0.39 , 13 - 12 , 12.87 - 10.91 , -0.96
Dave Bush , Jays , 2005 , 24 , 134.01 , 4.43 , 0.3 , 5 - 11 , 7.13 - 9.08 , -4.05
Ted Lilly , Jays , 2005 , 25 , 126.34 , 5.56 , 0.27 , 10 - 11 , 6.67 - 10.38 , 2.72
Chad Gaudin , Jays , 2005 , 3 , 10.33 , 12.2 , 0.12 , 1 - 2 , 0.35 - 1.91 , 0.56
Pete Walker , Jays , 2005 , 4 , 20.66 , 5.23 , 0.26 , 1 - 2 , 1.06 - 1.53 , -0.53
Scott Downs , Jays , 2005 , 13 , 69.0 , 4.3 , 0.31 , 4 - 3 , 3.97 - 4.38 , 1.41
Dustin McGowan , Jays , 2005 , 7 , 34.32 , 8.13 , 0.17 , 1 - 3 , 1.19 - 3.69 , 0.5
Roy Halladay , Jays , 2006 , 32 , 220.0 , 3.19 , 0.44 , 16 - 5 , 14.11 - 9.19 , 6.08
Josh Towers , Jays , 2006 , 12 , 54.34 , 9.11 , 0.1 , 1 - 9 , 1.19 - 7.41 , -1.78
Gustavo Chacin , Jays , 2006 , 17 , 87.33 , 5.05 , 0.27 , 9 - 4 , 4.53 - 6.49 , 6.96
Scott Downs , Jays , 2006 , 5 , 15.33 , 9.39 , 0.17 , 1 - 1 , 0.84 - 2.45 , 1.6
Ted Lilly , Jays , 2006 , 32 , 181.65 , 4.31 , 0.33 , 15 - 13 , 10.71 - 11.04 , 2.34
A.J. Burnett , Jays , 2006 , 21 , 135.66 , 3.98 , 0.36 , 10 - 8 , 7.48 - 7.71 , 2.24
Casey Janssen , Jays , 2006 , 17 , 91.32 , 5.22 , 0.26 , 6 - 10 , 4.5 - 7.06 , -1.44
Ty Taubenheim , Jays , 2006 , 7 , 30.67 , 4.99 , 0.24 , 0 - 5 , 1.71 - 2.5 , -4.21
Shaun Marcum , Jays , 2006 , 14 , 68.67 , 4.72 , 0.26 , 3 - 4 , 3.68 - 4.92 , 0.24
Dustin McGowan , Jays , 2006 , 3 , 9.0 , 6.0 , 0.0 , 0 - 2 , 0.0 - 1.07 , -0.93
Francisco Rosario , Jays , 2006 , 1 , 3.0 , 9.0 , 0.0 , 0 - 1 , 0.0 - 0.47 , -0.53
Brian Tallet , Jays , 2006 , 1 , 2.33 , 0 , 0.0 , 0 - 0 , 0.0 - 0.06 , 0.06
Roy Halladay , Jays , 2007 , 31 , 225.33 , 3.71 , 0.43 , 16 - 7 , 13.4 - 10.92 , 6.51
A.J. Burnett , Jays , 2007 , 25 , 165.68 , 3.75 , 0.4 , 10 - 8 , 9.93 - 8.58 , 0.65
Gustavo Chacin , Jays , 2007 , 5 , 27.33 , 5.6 , 0.27 , 2 - 1 , 1.33 - 2.1 , 1.77
Tomo Ohka , Jays , 2007 , 10 , 55.99 , 5.79 , 0.21 , 2 - 5 , 2.06 - 4.69 , -0.37
Josh Towers , Jays , 2007 , 15 , 85.34 , 5.27 , 0.27 , 4 - 9 , 4.04 - 6.55 , -2.49
Victor Zambrano , Jays , 2007 , 2 , 5.34 , 16.85 , 0.0 , 0 - 1 , 0.0 - 1.39 , 0.39
Dustin McGowan , Jays , 2007 , 27 , 169.67 , 4.08 , 0.37 , 12 - 10 , 10.08 - 9.54 , 1.46
Shaun Marcum , Jays , 2007 , 25 , 142.67 , 3.91 , 0.37 , 11 - 4 , 9.24 - 7.91 , 5.67
Jesse Litsch , Jays , 2007 , 20 , 111.01 , 3.81 , 0.38 , 7 - 9 , 7.54 - 6.19 , -3.36
Ty Taubenheim , Jays , 2007 , 1 , 5.0 , 9.0 , 0.1 , 0 - 0 , 0.1 - 0.62 , 0.51
Josh Banks , Jays , 2007 , 1 , 5.33 , 8.44 , 0.1 , 0 - 0 , 0.1 - 0.62 , 0.51
Roy Halladay , Jays , 2008 , 33 , 243.68 , 2.81 , 0.5 , 20 - 11 , 16.64 - 8.97 , 1.34
A.J. Burnett , Jays , 2008 , 34 , 220.34 , 4.0 , 0.38 , 18 - 9 , 13.03 - 11.99 , 7.96
Dustin McGowan , Jays , 2008 , 19 , 111.32 , 4.37 , 0.32 , 6 - 7 , 6.13 - 6.73 , -0.41
Shaun Marcum , Jays , 2008 , 25 , 151.35 , 3.39 , 0.39 , 9 - 7 , 9.75 - 7.5 , -0.24
Jesse Litsch , Jays , 2008 , 28 , 173.0 , 3.54 , 0.41 , 13 - 9 , 11.35 - 8.46 , 1.11
David Purcey , Jays , 2008 , 12 , 65.0 , 5.54 , 0.27 , 3 - 6 , 3.19 - 5.2 , -0.99
John Parrish , Jays , 2008 , 6 , 30.0 , 5.1 , 0.24 , 1 - 1 , 1.46 - 2.31 , 0.85
Scott Richmond , Jays , 2008 , 5 , 27.0 , 4.0 , 0.34 , 1 - 3 , 1.71 - 1.48 , -2.23
Roy Halladay , Jays , 2009 , 32 , 239.0 , 2.79 , 0.51 , 17 - 10 , 16.43 - 8.87 , -0.56
David Purcey , Jays , 2009 , 9 , 48.01 , 6.19 , 0.24 , 1 - 3 , 2.18 - 4.06 , -0.12
Jesse Litsch , Jays , 2009 , 2 , 9.0 , 9.0 , 0.07 , 0 - 1 , 0.13 - 1.23 , 0.1
Ricky Romero , Jays , 2009 , 29 , 177.98 , 4.3 , 0.31 , 13 - 9 , 9.1 - 11.04 , 5.93
Scott Richmond , Jays , 2009 , 24 , 132.0 , 5.59 , 0.25 , 8 - 10 , 5.95 - 10.87 , 2.92
Brian Tallet , Jays , 2009 , 25 , 139.66 , 5.41 , 0.3 , 7 - 8 , 7.48 - 10.23 , 1.75
Brian Burres , Jays , 2009 , 2 , 6.33 , 14.22 , 0.0 , 0 - 2 , 0.0 - 1.38 , -0.62
Robert Ray , Jays , 2009 , 4 , 24.33 , 4.44 , 0.3 , 1 - 2 , 1.19 - 1.6 , -0.58
Brett Cecil , Jays , 2009 , 17 , 92.66 , 5.34 , 0.27 , 7 - 4 , 4.59 - 7.16 , 5.57
Casey Janssen , Jays , 2009 , 5 , 26.0 , 6.23 , 0.2 , 2 - 3 , 0.98 - 2.39 , 0.41
Brad Mills , Jays , 2009 , 2 , 7.67 , 14.08 , 0.0 , 0 - 1 , 0.0 - 1.52 , 0.52
Marc Rzepczynski , Jays , 2009 , 11 , 61.32 , 3.67 , 0.31 , 2 - 4 , 3.46 - 3.26 , -2.2
Shaun Marcum , Jays , 2010 , 31 , 195.33 , 3.64 , 0.4 , 13 - 8 , 12.49 - 9.65 , 2.17
Brian Tallet , Jays , 2010 , 5 , 27.34 , 5.6 , 0.29 , 1 - 2 , 1.44 - 2.2 , -0.24
Ricky Romero , Jays , 2010 , 32 , 210.0 , 3.73 , 0.42 , 14 - 9 , 13.41 - 10.71 , 2.3
Brandon Morrow , Jays , 2010 , 26 , 146.33 , 4.49 , 0.33 , 10 - 7 , 8.48 - 9.24 , 3.76
Dana Eveland , Jays , 2010 , 9 , 44.66 , 6.45 , 0.27 , 3 - 4 , 2.46 - 3.96 , 0.5
Brett Cecil , Jays , 2010 , 28 , 172.66 , 4.22 , 0.37 , 15 - 7 , 10.28 - 9.81 , 7.54
Jesse Litsch , Jays , 2010 , 9 , 46.66 , 5.79 , 0.27 , 1 - 5 , 2.44 - 3.88 , -2.56
Marc Rzepczynski , Jays , 2010 , 12 , 62.67 , 5.03 , 0.27 , 4 - 4 , 3.28 - 4.67 , 1.39
Brad Mills , Jays , 2010 , 3 , 15.33 , 5.28 , 0.24 , 1 - 0 , 0.73 - 1.37 , 1.64
Shawn Hill , Jays , 2010 , 4 , 20.67 , 2.61 , 0.32 , 1 - 2 , 1.27 - 0.9 , -1.37
Kyle Drabek , Jays , 2010 , 3 , 17.0 , 4.76 , 0.28 , 0 - 3 , 0.83 - 1.08 , -2.75
Ricky Romero , Jays , 2011 , 32 , 224.99 , 2.92 , 0.47 , 15 - 11 , 14.96 - 9.23 , -1.73
Kyle Drabek , Jays , 2011 , 14 , 72.67 , 5.7 , 0.28 , 4 - 5 , 3.96 - 5.76 , 0.79
Brett Cecil , Jays , 2011 , 20 , 123.66 , 4.73 , 0.31 , 4 - 11 , 6.14 - 8.26 , -4.87
Jo-Jo Reyes , Jays , 2011 , 20 , 109.99 , 5.4 , 0.28 , 5 - 8 , 5.53 - 8.38 , -0.14
Jesse Litsch , Jays , 2011 , 8 , 46.33 , 4.66 , 0.3 , 4 - 3 , 2.41 - 2.95 , 1.54
Brandon Morrow , Jays , 2011 , 30 , 179.32 , 4.72 , 0.34 , 11 - 11 , 10.17 - 11.47 , 1.3
Carlos Villanueva , Jays , 2011 , 13 , 73.34 , 5.15 , 0.3 , 5 - 3 , 3.95 - 5.06 , 3.11
Zachary Stewart , Jays , 2011 , 3 , 16.67 , 4.86 , 0.28 , 0 - 1 , 0.85 - 1.16 , -0.69
Brad Mills , Jays , 2011 , 4 , 18.33 , 8.35 , 0.18 , 1 - 2 , 0.71 - 2.14 , 0.43
Henderson Alvarez , Jays , 2011 , 10 , 63.67 , 3.53 , 0.39 , 1 - 3 , 3.87 - 3.13 , -2.74
Luis Perez , Jays , 2011 , 4 , 18.67 , 7.23 , 0.28 , 1 - 1 , 1.12 - 1.82 , 0.7
Dustin McGowan , Jays , 2011 , 4 , 17.0 , 6.35 , 0.15 , 0 - 2 , 0.6 - 1.72 , -0.88
Ricky Romero , Jays , 2012 , 32 , 180.99 , 5.77 , 0.25 , 9 - 14 , 8.1 - 14.52 , 1.42
Brandon Morrow , Jays , 2012 , 21 , 124.68 , 2.96 , 0.45 , 10 - 7 , 9.4 - 5.69 , -0.7
Joel Carreno , Jays , 2012 , 2 , 9.0 , 9.0 , 0.1 , 0 - 2 , 0.19 - 1.18 , -1.01
Henderson Alvarez , Jays , 2012 , 31 , 187.33 , 4.85 , 0.31 , 9 - 14 , 9.54 - 12.44 , -2.1
Kyle Drabek , Jays , 2012 , 13 , 71.32 , 4.67 , 0.31 , 4 - 7 , 4.07 - 4.51 , -2.56
Drew Hutchison , Jays , 2012 , 11 , 58.66 , 4.6 , 0.3 , 5 - 3 , 3.25 - 3.87 , 2.62
Brett Cecil , Jays , 2012 , 9 , 50.33 , 5.72 , 0.27 , 2 - 4 , 2.41 - 3.75 , -0.66
Jesse Chavez , Jays , 2012 , 2 , 8.67 , 10.38 , 0.04 , 0 - 1 , 0.08 - 1.39 , 0.31
Aaron Laffey , Jays , 2012 , 16 , 86.02 , 4.81 , 0.27 , 4 - 6 , 4.33 - 6.15 , -0.18
Carlos Villanueva , Jays , 2012 , 16 , 92.0 , 4.5 , 0.33 , 5 - 7 , 5.36 - 5.75 , -1.61
J.A. Happ , Jays , 2012 , 6 , 33.33 , 4.59 , 0.28 , 3 - 2 , 1.7 - 2.2 , 1.5
Chad Jenkins , Jays , 2012 , 3 , 13.67 , 3.95 , 0.28 , 1 - 2 , 0.83 - 0.87 , -0.96
R.A. Dickey , Jays , 2013 , 34 , 224.66 , 4.21 , 0.36 , 14 - 13 , 12.29 - 13.0 , 1.71
Brandon Morrow , Jays , 2013 , 10 , 54.33 , 5.63 , 0.23 , 2 - 3 , 2.29 - 4.42 , 1.13
Mark Buehrle , Jays , 2013 , 33 , 203.65 , 4.15 , 0.37 , 12 - 10 , 12.2 - 11.59 , 1.39
Josh Johnson , Jays , 2013 , 16 , 81.32 , 6.2 , 0.27 , 2 - 8 , 4.34 - 7.22 , -3.12
J.A. Happ , Jays , 2013 , 18 , 92.66 , 4.57 , 0.28 , 5 - 7 , 5.05 - 6.63 , -0.42
Aaron Laffey , Jays , 2013 , 1 , 2.67 , 6.74 , 0.0 , 0 - 0 , 0.0 - 0.46 , 0.46
Ricky Romero , Jays , 2013 , 2 , 4.33 , 12.47 , 0.0 , 0 - 2 , 0.0 - 1.24 , -0.76
Ramon Ortiz , Jays , 2013 , 4 , 16.33 , 5.51 , 0.27 , 1 - 2 , 1.06 - 1.42 , -0.64
Chad Jenkins , Jays , 2013 , 3 , 15.0 , 3.6 , 0.35 , 1 - 0 , 1.06 - 0.71 , 0.65
Sean Nolin , Jays , 2013 , 1 , 1.33 , 40.6 , 0.0 , 0 - 1 , 0.0 - 0.85 , -0.15
Esmil Rogers , Jays , 2013 , 20 , 106.66 , 4.89 , 0.29 , 4 - 7 , 5.74 - 7.38 , -1.36
Chien-Ming Wang , Jays , 2013 , 6 , 27.0 , 7.67 , 0.24 , 1 - 2 , 1.43 - 3.06 , 0.64
Todd Redmond , Jays , 2013 , 14 , 69.34 , 4.41 , 0.32 , 4 - 2 , 4.47 - 4.45 , 1.98
R.A. Dickey , Jays , 2014 , 34 , 215.66 , 3.71 , 0.38 , 14 - 13 , 12.75 - 10.99 , -0.76
Drew Hutchison , Jays , 2014 , 32 , 184.66 , 4.48 , 0.33 , 11 - 13 , 10.63 - 11.91 , -0.72
Mark Buehrle , Jays , 2014 , 32 , 202.0 , 3.39 , 0.4 , 13 - 10 , 12.87 - 9.61 , -0.26
Brandon Morrow , Jays , 2014 , 6 , 27.34 , 5.93 , 0.18 , 1 - 2 , 1.07 - 2.51 , 0.44
Dustin McGowan , Jays , 2014 , 8 , 39.0 , 5.08 , 0.25 , 2 - 2 , 2.0 - 3.17 , 1.17
J.A. Happ , Jays , 2014 , 26 , 152.99 , 4.12 , 0.34 , 11 - 11 , 8.75 - 9.3 , 0.55
Liam Hendriks , Jays , 2014 , 3 , 13.34 , 6.07 , 0.3 , 1 - 0 , 0.91 - 1.11 , 1.2
Marcus Stroman , Jays , 2014 , 20 , 120.35 , 3.29 , 0.43 , 10 - 6 , 8.61 - 5.68 , 1.07
Daniel Norris , Jays , 2014 , 1 , 3.33 , 5.41 , 0.0 , 0 - 0 , 0.0 - 0.39 , 0.39
Drew Hutchison , Jays , 2015 , 28 , 148.0 , 5.47 , 0.29 , 13 - 5 , 8.14 - 11.61 , 11.47
R.A. Dickey , Jays , 2015 , 33 , 214.34 , 3.91 , 0.39 , 11 - 11 , 12.72 - 11.19 , -1.53
Daniel Norris , Jays , 2015 , 5 , 23.34 , 3.86 , 0.25 , 1 - 1 , 1.24 - 1.37 , 0.14
Mark Buehrle , Jays , 2015 , 32 , 198.67 , 3.81 , 0.36 , 15 - 8 , 11.65 - 10.42 , 5.77
Aaron Sanchez , Jays , 2015 , 11 , 66.0 , 3.55 , 0.37 , 5 - 4 , 4.08 - 3.2 , 0.12
Marco Estrada , Jays , 2015 , 28 , 170.35 , 3.28 , 0.4 , 12 - 8 , 11.21 - 7.84 , 0.63
Todd Redmond , Jays , 2015 , 1 , 4.0 , 6.75 , 0.0 , 0 - 0 , 0.0 - 0.5 , 0.5
Scott Copeland , Jays , 2015 , 3 , 12.33 , 8.03 , 0.2 , 1 - 1 , 0.59 - 1.55 , 0.96
Matt R Boyd , Jays , 2015 , 2 , 6.67 , 14.84 , 0.12 , 0 - 2 , 0.24 - 1.5 , -0.75
Felix Doubront , Jays , 2015 , 4 , 20.34 , 4.87 , 0.18 , 1 - 1 , 0.72 - 1.61 , 0.89
David Price , Jays , 2015 , 11 , 74.33 , 2.3 , 0.49 , 9 - 1 , 5.38 - 2.47 , 5.09
Marcus Stroman , Jays , 2015 , 4 , 27.0 , 1.67 , 0.55 , 4 - 0 , 2.21 - 0.66 , 2.45
Marcus Stroman , Jays , 2016 , 6 , 43.0 , 3.77 , 0.36 , 4 - 0 , 2.18 - 2.39 , 4.22
R.A. Dickey , Jays , 2016 , 6 , 33.0 , 5.73 , 0.2 , 1 - 3 , 1.22 - 2.68 , -0.54
Aaron Sanchez , Jays , 2016 , 6 , 38.33 , 2.82 , 0.46 , 2 - 1 , 2.77 - 1.54 , -0.23
J.A. Happ , Jays , 2016 , 5 , 32.67 , 2.75 , 0.44 , 3 - 0 , 2.2 - 1.17 , 1.96
Marco Estrada , Jays , 2016 , 5 , 30.67 , 2.64 , 0.45 , 1 - 2 , 2.27 - 1.1 , -2.17
Drew Hutchison , Jays , 2016 , 1 , 5.67 , 3.17 , 0.42 , 1 - 0 , 0.42 - 0.19 , 0.77
